{"Epoch": 1, "Train Loss": 0, "Validation Loss": 0.4888356562035206, "_timestamp": 1719696646.6473165, "_runtime": 95.16202449798584, "_step": 0, "_wandb": {"runtime": 94}}