{"Train Loss": 1.6887317895889282, "Learning Rate": 0.00022, "Epoch": 0, "_timestamp": 1719588210.7476737, "_runtime": 194.13175177574158, "_step": 389, "_wandb": {"runtime": 195}}