{"Train Loss": 0.5702738761901855, "Learning Rate": 0.0009470256410256411, "Epoch": 37, "_timestamp": 1719597932.7958345, "_runtime": 8365.784056425095, "_step": 14603, "Validation Loss": 0.688432901715621, "Validation Accuracy": 75.56089743589743}