{"Train Loss": 1.6887317895889282, "Learning Rate": 0.00022, "Epoch": 0, "_timestamp": 1719589088.2872453, "_runtime": 232.38670325279236, "_step": 390, "Validation Loss": 1.6800539218462431, "Validation Accuracy": 41.47636217948718, "_wandb": {"runtime": 231}}