{"Train Loss": 1.608835220336914, "Learning Rate": 0.00021861538461538462, "Epoch": 0, "_timestamp": 1719613806.366484, "_runtime": 183.68582487106323, "_step": 483}