{"Epoch": 4, "Train Loss": 0, "Validation Loss": 0.48888107990989316, "_timestamp": 1719697118.2585704, "_runtime": 339.8221604824066, "_step": 3, "_wandb": {"runtime": 391}}