{"Epoch": 50, "Train Loss": 0.09856030289155268, "Validation Loss": 0.09804613979007953, "_timestamp": 1719738971.6380699, "_runtime": 41374.48589491844, "_step": 49, "_wandb": {"runtime": 41434}}