{"Epoch": 2, "Train Loss": 0.2620898888526286, "Validation Loss": 0.2537874090843476, "_timestamp": 1719762715.0372992, "_runtime": 1653.1209292411804, "_step": 1}